-- phpMyAdmin SQL Dump
-- version 4.0.10.18
-- https://www.phpmyadmin.net
--
-- Host: 10.0.0.132:3308
-- Generation Time: Feb 04, 2017 at 03:43 PM
-- Server version: 10.1.20-MariaDB
-- PHP Version: 5.3.3

SET SQL_MODE = "NO_AUTO_VALUE_ON_ZERO";
SET time_zone = "+00:00";


/*!40101 SET @OLD_CHARACTER_SET_CLIENT=@@CHARACTER_SET_CLIENT */;
/*!40101 SET @OLD_CHARACTER_SET_RESULTS=@@CHARACTER_SET_RESULTS */;
/*!40101 SET @OLD_COLLATION_CONNECTION=@@COLLATION_CONNECTION */;
/*!40101 SET NAMES utf8 */;

--
-- Database: `domains3_vpn`
--

-- --------------------------------------------------------

--
-- Table structure for table `companies`
--

CREATE TABLE IF NOT EXISTS `companies` (
  `id` int(11) NOT NULL AUTO_INCREMENT,
  `company` varchar(255) NOT NULL,
  `quota` int(11) NOT NULL,
  PRIMARY KEY (`id`)
) ENGINE=InnoDB  DEFAULT CHARSET=utf8 AUTO_INCREMENT=18 ;

--
-- Dumping data for table `companies`
--

INSERT INTO `companies` (`id`, `company`, `quota`) VALUES
(15, 'Apple', 20),
(16, 'Google', 10);

-- --------------------------------------------------------

--
-- Table structure for table `transfers`
--

CREATE TABLE IF NOT EXISTS `transfers` (
  `id` int(11) NOT NULL AUTO_INCREMENT,
  `user_id` int(11) NOT NULL,
  `date` date NOT NULL,
  `resource` varchar(255) NOT NULL,
  `transfered` bigint(14) NOT NULL,
  PRIMARY KEY (`id`)
) ENGINE=InnoDB  DEFAULT CHARSET=utf8 AUTO_INCREMENT=337 ;

--
-- Dumping data for table `transfers`
--

INSERT INTO `transfers` (`id`, `user_id`, `date`, `resource`, `transfered`) VALUES
(1, 9, '2016-08-06', 'http://xxxx.xxx/xx.xx', 4215770378302),
(2, 9, '2016-08-10', 'http://xxxx.xxx/xx.xx', 8424325544984),
(3, 9, '2016-08-10', 'http://xxxx.xxx/xx.xx', 9455635906574),
(4, 9, '2016-08-19', 'http://xxxx.xxx/xx.xx', 9541930388494),
(5, 9, '2016-08-29', 'http://xxxx.xxx/xx.xx', 2026084024401),
(6, 9, '2016-08-18', 'http://xxxx.xxx/xx.xx', 8791415577620),
(7, 9, '2016-08-11', 'http://xxxx.xxx/xx.xx', 5455057121330),
(8, 9, '2016-08-17', 'http://xxxx.xxx/xx.xx', 4345545216060),
(9, 10, '2016-08-16', 'http://xxxx.xxx/xx.xx', 6667434137639),
(10, 10, '2016-08-19', 'http://xxxx.xxx/xx.xx', 7645685237791),
(11, 10, '2016-08-12', 'http://xxxx.xxx/xx.xx', 2212682429520),
(12, 10, '2016-08-01', 'http://xxxx.xxx/xx.xx', 10547335403525),
(13, 10, '2016-08-07', 'http://xxxx.xxx/xx.xx', 1040352302170),
(14, 10, '2016-08-17', 'http://xxxx.xxx/xx.xx', 776893450333),
(15, 11, '2016-08-18', 'http://xxxx.xxx/xx.xx', 3179319352391),
(16, 11, '2016-08-24', 'http://xxxx.xxx/xx.xx', 3695239029826),
(17, 11, '2016-08-28', 'http://xxxx.xxx/xx.xx', 8422342440984),
(18, 12, '2016-08-23', 'http://xxxx.xxx/xx.xx', 6311370122283),
(19, 12, '2016-08-14', 'http://xxxx.xxx/xx.xx', 8568511682582),
(20, 12, '2016-08-08', 'http://xxxx.xxx/xx.xx', 5543873254450),
(21, 12, '2016-08-30', 'http://xxxx.xxx/xx.xx', 7526770688032),
(22, 12, '2016-08-17', 'http://xxxx.xxx/xx.xx', 3136581068871),
(23, 12, '2016-08-20', 'http://xxxx.xxx/xx.xx', 2964789949513),
(24, 12, '2016-08-18', 'http://xxxx.xxx/xx.xx', 6178268922924),
(25, 12, '2016-08-22', 'http://xxxx.xxx/xx.xx', 5562946698289),
(26, 12, '2016-08-01', 'http://xxxx.xxx/xx.xx', 920998400091),
(27, 12, '2016-08-06', 'http://xxxx.xxx/xx.xx', 6449643648041),
(28, 12, '2016-08-02', 'http://xxxx.xxx/xx.xx', 3376050498629),
(29, 12, '2016-08-31', 'http://xxxx.xxx/xx.xx', 2869056389194),
(30, 13, '2016-08-25', 'http://xxxx.xxx/xx.xx', 4470862976059),
(31, 13, '2016-08-09', 'http://xxxx.xxx/xx.xx', 5313091691572),
(32, 13, '2016-08-25', 'http://xxxx.xxx/xx.xx', 7871474042909),
(33, 13, '2016-08-03', 'http://xxxx.xxx/xx.xx', 10290030561287),
(34, 14, '2016-08-27', 'http://xxxx.xxx/xx.xx', 7851564175389),
(35, 14, '2016-08-23', 'http://xxxx.xxx/xx.xx', 9333001098255),
(36, 14, '2016-08-04', 'http://xxxx.xxx/xx.xx', 1569090498645),
(37, 14, '2016-08-09', 'http://xxxx.xxx/xx.xx', 748202188893),
(38, 14, '2016-08-27', 'http://xxxx.xxx/xx.xx', 7654223738911),
(39, 14, '2016-08-01', 'http://xxxx.xxx/xx.xx', 8350545003544),
(40, 14, '2016-08-01', 'http://xxxx.xxx/xx.xx', 4889993292855),
(41, 14, '2016-08-08', 'http://xxxx.xxx/xx.xx', 8794526714900),
(42, 14, '2016-08-29', 'http://xxxx.xxx/xx.xx', 10443176238085),
(43, 9, '2016-09-04', 'http://xxxx.xxx/xx.xx', 8669822725141),
(44, 9, '2016-09-10', 'http://xxxx.xxx/xx.xx', 7690820505630),
(45, 9, '2016-09-26', 'http://xxxx.xxx/xx.xx', 10303304509447),
(46, 10, '2016-09-07', 'http://xxxx.xxx/xx.xx', 1789028500563),
(47, 10, '2016-09-11', 'http://xxxx.xxx/xx.xx', 2979913185353),
(48, 10, '2016-09-27', 'http://xxxx.xxx/xx.xx', 6913450572837),
(49, 10, '2016-09-06', 'http://xxxx.xxx/xx.xx', 6862906757158),
(50, 10, '2016-09-29', 'http://xxxx.xxx/xx.xx', 2589871529036),
(51, 10, '2016-09-01', 'http://xxxx.xxx/xx.xx', 10824168253442),
(52, 10, '2016-09-07', 'http://xxxx.xxx/xx.xx', 7968046996508),
(53, 10, '2016-09-03', 'http://xxxx.xxx/xx.xx', 381480268896),
(54, 10, '2016-09-03', 'http://xxxx.xxx/xx.xx', 8816145479700),
(55, 10, '2016-09-22', 'http://xxxx.xxx/xx.xx', 1190142151769),
(56, 10, '2016-09-19', 'http://xxxx.xxx/xx.xx', 48432670819),
(57, 10, '2016-09-04', 'http://xxxx.xxx/xx.xx', 1191104138329),
(58, 10, '2016-09-20', 'http://xxxx.xxx/xx.xx', 5412696012851),
(59, 10, '2016-09-22', 'http://xxxx.xxx/xx.xx', 8306595783705),
(60, 10, '2016-09-12', 'http://xxxx.xxx/xx.xx', 7484451840032),
(61, 10, '2016-09-06', 'http://xxxx.xxx/xx.xx', 8118866135066),
(62, 10, '2016-09-21', 'http://xxxx.xxx/xx.xx', 6805600158758),
(63, 10, '2016-09-09', 'http://xxxx.xxx/xx.xx', 5735307386928),
(64, 10, '2016-09-07', 'http://xxxx.xxx/xx.xx', 4159830753342),
(65, 10, '2016-09-06', 'http://xxxx.xxx/xx.xx', 10354653143046),
(66, 10, '2016-09-02', 'http://xxxx.xxx/xx.xx', 8292211169305),
(67, 11, '2016-09-08', 'http://xxxx.xxx/xx.xx', 9465694274574),
(68, 11, '2016-09-24', 'http://xxxx.xxx/xx.xx', 4054331427903),
(69, 11, '2016-09-07', 'http://xxxx.xxx/xx.xx', 3509587379268),
(70, 11, '2016-09-23', 'http://xxxx.xxx/xx.xx', 2791992412234),
(71, 12, '2016-09-07', 'http://xxxx.xxx/xx.xx', 5204161674293),
(72, 12, '2016-09-13', 'http://xxxx.xxx/xx.xx', 616842542174),
(73, 12, '2016-09-27', 'http://xxxx.xxx/xx.xx', 1006879155290),
(74, 12, '2016-09-01', 'http://xxxx.xxx/xx.xx', 4108407741503),
(75, 12, '2016-09-18', 'http://xxxx.xxx/xx.xx', 7180029813795),
(76, 12, '2016-09-09', 'http://xxxx.xxx/xx.xx', 74165601379),
(77, 12, '2016-09-25', 'http://xxxx.xxx/xx.xx', 743263237213),
(78, 12, '2016-09-23', 'http://xxxx.xxx/xx.xx', 173687961698),
(79, 12, '2016-09-07', 'http://xxxx.xxx/xx.xx', 2271890114639),
(80, 12, '2016-09-21', 'http://xxxx.xxx/xx.xx', 4349339448380),
(81, 12, '2016-09-11', 'http://xxxx.xxx/xx.xx', 9284474337296),
(82, 13, '2016-09-14', 'http://xxxx.xxx/xx.xx', 10337255562246),
(83, 13, '2016-09-21', 'http://xxxx.xxx/xx.xx', 10065141688329),
(84, 13, '2016-09-16', 'http://xxxx.xxx/xx.xx', 8176879662106),
(85, 13, '2016-09-19', 'http://xxxx.xxx/xx.xx', 10899332444161),
(86, 13, '2016-09-16', 'http://xxxx.xxx/xx.xx', 7562020152351),
(87, 13, '2016-09-13', 'http://xxxx.xxx/xx.xx', 8453158333463),
(88, 13, '2016-09-26', 'http://xxxx.xxx/xx.xx', 10670927406083),
(89, 13, '2016-09-03', 'http://xxxx.xxx/xx.xx', 8307761556505),
(90, 13, '2016-09-13', 'http://xxxx.xxx/xx.xx', 257132370017),
(91, 13, '2016-09-21', 'http://xxxx.xxx/xx.xx', 8690583265301),
(92, 13, '2016-09-21', 'http://xxxx.xxx/xx.xx', 6768681144359),
(93, 13, '2016-09-25', 'http://xxxx.xxx/xx.xx', 9186460083217),
(94, 13, '2016-09-14', 'http://xxxx.xxx/xx.xx', 6727235962919),
(95, 13, '2016-09-23', 'http://xxxx.xxx/xx.xx', 1553471651926),
(96, 13, '2016-09-27', 'http://xxxx.xxx/xx.xx', 9175993482257),
(97, 14, '2016-09-10', 'http://xxxx.xxx/xx.xx', 4525064719419),
(98, 14, '2016-09-17', 'http://xxxx.xxx/xx.xx', 8412869504024),
(99, 14, '2016-09-12', 'http://xxxx.xxx/xx.xx', 7368664535073),
(100, 14, '2016-09-06', 'http://xxxx.xxx/xx.xx', 6612391598120),
(101, 9, '2016-10-07', 'http://xxxx.xxx/xx.xx', 5495473756210),
(102, 9, '2016-10-01', 'http://xxxx.xxx/xx.xx', 4850064506936),
(103, 9, '2016-10-23', 'http://xxxx.xxx/xx.xx', 3404189946949),
(104, 9, '2016-10-03', 'http://xxxx.xxx/xx.xx', 1940382668882),
(105, 9, '2016-10-15', 'http://xxxx.xxx/xx.xx', 1654073405525),
(106, 9, '2016-10-13', 'http://xxxx.xxx/xx.xx', 6759775370279),
(107, 9, '2016-10-30', 'http://xxxx.xxx/xx.xx', 3942710236224),
(108, 9, '2016-10-27', 'http://xxxx.xxx/xx.xx', 8770204083221),
(109, 9, '2016-10-01', 'http://xxxx.xxx/xx.xx', 8892179855379),
(110, 9, '2016-10-23', 'http://xxxx.xxx/xx.xx', 4539567165499),
(111, 10, '2016-10-17', 'http://xxxx.xxx/xx.xx', 4158876313662),
(112, 10, '2016-10-03', 'http://xxxx.xxx/xx.xx', 3127008829511),
(113, 10, '2016-10-12', 'http://xxxx.xxx/xx.xx', 471181317215),
(114, 10, '2016-10-30', 'http://xxxx.xxx/xx.xx', 2408482391118),
(115, 10, '2016-10-21', 'http://xxxx.xxx/xx.xx', 7320833643554),
(116, 10, '2016-10-21', 'http://xxxx.xxx/xx.xx', 2563420011596),
(117, 10, '2016-10-29', 'http://xxxx.xxx/xx.xx', 6216487362604),
(118, 11, '2016-10-30', 'http://xxxx.xxx/xx.xx', 8243018414105),
(119, 11, '2016-10-24', 'http://xxxx.xxx/xx.xx', 4940331187255),
(120, 11, '2016-10-26', 'http://xxxx.xxx/xx.xx', 7829436743709),
(121, 11, '2016-10-20', 'http://xxxx.xxx/xx.xx', 3233906647110),
(122, 11, '2016-10-21', 'http://xxxx.xxx/xx.xx', 7771080217630),
(123, 11, '2016-10-31', 'http://xxxx.xxx/xx.xx', 193347696738),
(124, 11, '2016-10-05', 'http://xxxx.xxx/xx.xx', 9427927101455),
(125, 11, '2016-10-11', 'http://xxxx.xxx/xx.xx', 417133962336),
(126, 11, '2016-10-06', 'http://xxxx.xxx/xx.xx', 3842099962945),
(127, 11, '2016-10-04', 'http://xxxx.xxx/xx.xx', 3230642211910),
(128, 11, '2016-10-30', 'http://xxxx.xxx/xx.xx', 2066824314961),
(129, 11, '2016-10-22', 'http://xxxx.xxx/xx.xx', 631851381854),
(130, 12, '2016-10-29', 'http://xxxx.xxx/xx.xx', 4587129497658),
(131, 12, '2016-10-01', 'http://xxxx.xxx/xx.xx', 10526840442885),
(132, 12, '2016-10-26', 'http://xxxx.xxx/xx.xx', 8299174635545),
(133, 12, '2016-10-14', 'http://xxxx.xxx/xx.xx', 8018740889627),
(134, 12, '2016-10-18', 'http://xxxx.xxx/xx.xx', 1353505269847),
(135, 12, '2016-10-09', 'http://xxxx.xxx/xx.xx', 5517051704370),
(136, 13, '2016-10-02', 'http://xxxx.xxx/xx.xx', 715257697373),
(137, 13, '2016-10-26', 'http://xxxx.xxx/xx.xx', 6619786793000),
(138, 13, '2016-10-04', 'http://xxxx.xxx/xx.xx', 93763753059),
(139, 13, '2016-10-18', 'http://xxxx.xxx/xx.xx', 1207043625049),
(140, 13, '2016-10-12', 'http://xxxx.xxx/xx.xx', 918291328091),
(141, 14, '2016-10-30', 'http://xxxx.xxx/xx.xx', 2079489648721),
(142, 14, '2016-10-06', 'http://xxxx.xxx/xx.xx', 10642831523844),
(143, 14, '2016-10-15', 'http://xxxx.xxx/xx.xx', 10374391321606),
(144, 14, '2016-10-16', 'http://xxxx.xxx/xx.xx', 5719591045168),
(145, 14, '2016-10-25', 'http://xxxx.xxx/xx.xx', 361114490976),
(146, 14, '2016-10-25', 'http://xxxx.xxx/xx.xx', 1842330214483),
(147, 14, '2016-10-18', 'http://xxxx.xxx/xx.xx', 10821834547202),
(148, 14, '2016-10-18', 'http://xxxx.xxx/xx.xx', 5727271413808),
(149, 14, '2016-10-05', 'http://xxxx.xxx/xx.xx', 908277181531),
(150, 9, '2016-11-19', 'http://xxxx.xxx/xx.xx', 6340250071082),
(151, 9, '2016-11-13', 'http://xxxx.xxx/xx.xx', 2669806981195),
(152, 9, '2016-11-25', 'http://xxxx.xxx/xx.xx', 4323696399421),
(153, 9, '2016-11-24', 'http://xxxx.xxx/xx.xx', 2826798827594),
(154, 9, '2016-11-01', 'http://xxxx.xxx/xx.xx', 6170674032684),
(155, 9, '2016-11-09', 'http://xxxx.xxx/xx.xx', 4741985766457),
(156, 10, '2016-11-27', 'http://xxxx.xxx/xx.xx', 7499897984032),
(157, 10, '2016-11-27', 'http://xxxx.xxx/xx.xx', 5239146035252),
(158, 11, '2016-11-16', 'http://xxxx.xxx/xx.xx', 10153297228808),
(159, 11, '2016-11-09', 'http://xxxx.xxx/xx.xx', 3451258542148),
(160, 11, '2016-11-22', 'http://xxxx.xxx/xx.xx', 10579668853764),
(161, 11, '2016-11-04', 'http://xxxx.xxx/xx.xx', 5982626227246),
(162, 11, '2016-11-01', 'http://xxxx.xxx/xx.xx', 7645437870111),
(163, 11, '2016-11-17', 'http://xxxx.xxx/xx.xx', 6838956600358),
(164, 11, '2016-11-26', 'http://xxxx.xxx/xx.xx', 3382550092869),
(165, 11, '2016-11-25', 'http://xxxx.xxx/xx.xx', 4654016809018),
(166, 11, '2016-11-22', 'http://xxxx.xxx/xx.xx', 2589478287436),
(167, 12, '2016-11-12', 'http://xxxx.xxx/xx.xx', 276306816097),
(168, 12, '2016-11-03', 'http://xxxx.xxx/xx.xx', 4333211873340),
(169, 12, '2016-11-04', 'http://xxxx.xxx/xx.xx', 6087448760365),
(170, 12, '2016-11-06', 'http://xxxx.xxx/xx.xx', 1303486126168),
(171, 13, '2016-11-28', 'http://xxxx.xxx/xx.xx', 3055649761352),
(172, 13, '2016-11-23', 'http://xxxx.xxx/xx.xx', 8100901442587),
(173, 13, '2016-11-15', 'http://xxxx.xxx/xx.xx', 1563401082965),
(174, 13, '2016-11-19', 'http://xxxx.xxx/xx.xx', 5294805975092),
(175, 14, '2016-11-28', 'http://xxxx.xxx/xx.xx', 362561710176),
(176, 14, '2016-11-23', 'http://xxxx.xxx/xx.xx', 10360701491206),
(177, 14, '2016-11-21', 'http://xxxx.xxx/xx.xx', 2948841057353),
(178, 14, '2016-11-22', 'http://xxxx.xxx/xx.xx', 7914142545948),
(179, 14, '2016-11-11', 'http://xxxx.xxx/xx.xx', 7561629583391),
(180, 14, '2016-11-10', 'http://xxxx.xxx/xx.xx', 1687820917844),
(181, 14, '2016-11-29', 'http://xxxx.xxx/xx.xx', 8362088576024),
(182, 14, '2016-11-21', 'http://xxxx.xxx/xx.xx', 5362561945651),
(183, 14, '2016-11-04', 'http://xxxx.xxx/xx.xx', 1227609881688),
(184, 14, '2016-11-17', 'http://xxxx.xxx/xx.xx', 8881269135380),
(185, 14, '2016-11-18', 'http://xxxx.xxx/xx.xx', 7882357253149),
(186, 14, '2016-11-09', 'http://xxxx.xxx/xx.xx', 6012072714285),
(187, 14, '2016-11-06', 'http://xxxx.xxx/xx.xx', 10914293826561),
(188, 14, '2016-11-30', 'http://xxxx.xxx/xx.xx', 175076454498),
(189, 14, '2016-11-07', 'http://xxxx.xxx/xx.xx', 3958443279424),
(190, 14, '2016-11-12', 'http://xxxx.xxx/xx.xx', 3337766727749),
(191, 14, '2016-11-06', 'http://xxxx.xxx/xx.xx', 7061795276836),
(192, 14, '2016-11-07', 'http://xxxx.xxx/xx.xx', 7608911856671),
(193, 9, '2016-12-09', 'http://xxxx.xxx/xx.xx', 827721825372),
(194, 9, '2016-12-22', 'http://xxxx.xxx/xx.xx', 3585703014467),
(195, 9, '2016-12-12', 'http://xxxx.xxx/xx.xx', 9224028559376),
(196, 9, '2016-12-15', 'http://xxxx.xxx/xx.xx', 961994465371),
(197, 9, '2016-12-13', 'http://xxxx.xxx/xx.xx', 4819384811576),
(198, 9, '2016-12-23', 'http://xxxx.xxx/xx.xx', 3443283543108),
(199, 9, '2016-12-22', 'http://xxxx.xxx/xx.xx', 8685789957141),
(200, 9, '2016-12-27', 'http://xxxx.xxx/xx.xx', 6089999160365),
(201, 10, '2016-12-15', 'http://xxxx.xxx/xx.xx', 6846722339878),
(202, 10, '2016-12-14', 'http://xxxx.xxx/xx.xx', 198685424738),
(203, 10, '2016-12-08', 'http://xxxx.xxx/xx.xx', 4167552819262),
(204, 10, '2016-12-16', 'http://xxxx.xxx/xx.xx', 1271739975768),
(205, 10, '2016-12-14', 'http://xxxx.xxx/xx.xx', 2039182535761),
(206, 10, '2016-12-01', 'http://xxxx.xxx/xx.xx', 137432965218),
(207, 10, '2016-12-23', 'http://xxxx.xxx/xx.xx', 8625255470102),
(208, 10, '2016-12-03', 'http://xxxx.xxx/xx.xx', 9630213483533),
(209, 10, '2016-12-14', 'http://xxxx.xxx/xx.xx', 4510548956219),
(210, 10, '2016-12-17', 'http://xxxx.xxx/xx.xx', 10093684285449),
(211, 10, '2016-12-10', 'http://xxxx.xxx/xx.xx', 5191514019893),
(212, 10, '2016-12-06', 'http://xxxx.xxx/xx.xx', 3128058250311),
(213, 10, '2016-12-25', 'http://xxxx.xxx/xx.xx', 5981613235246),
(214, 10, '2016-12-25', 'http://xxxx.xxx/xx.xx', 9904920529930),
(215, 10, '2016-12-27', 'http://xxxx.xxx/xx.xx', 2930007219273),
(216, 10, '2016-12-18', 'http://xxxx.xxx/xx.xx', 3677655234626),
(217, 11, '2016-12-19', 'http://xxxx.xxx/xx.xx', 5792692070447),
(218, 11, '2016-12-06', 'http://xxxx.xxx/xx.xx', 5267332930612),
(219, 11, '2016-12-24', 'http://xxxx.xxx/xx.xx', 4998248739894),
(220, 11, '2016-12-31', 'http://xxxx.xxx/xx.xx', 5566587837489),
(221, 11, '2016-12-19', 'http://xxxx.xxx/xx.xx', 244685977697),
(222, 11, '2016-12-21', 'http://xxxx.xxx/xx.xx', 10591794467844),
(223, 11, '2016-12-18', 'http://xxxx.xxx/xx.xx', 6308476267563),
(224, 11, '2016-12-21', 'http://xxxx.xxx/xx.xx', 3175356984391),
(225, 11, '2016-12-09', 'http://xxxx.xxx/xx.xx', 10418879093766),
(226, 11, '2016-12-20', 'http://xxxx.xxx/xx.xx', 7873972792349),
(227, 11, '2016-12-15', 'http://xxxx.xxx/xx.xx', 6023568998445),
(228, 11, '2016-12-17', 'http://xxxx.xxx/xx.xx', 3532388838468),
(229, 11, '2016-12-29', 'http://xxxx.xxx/xx.xx', 10512597386245),
(230, 11, '2016-12-20', 'http://xxxx.xxx/xx.xx', 1606829696085),
(231, 11, '2016-12-30', 'http://xxxx.xxx/xx.xx', 9858661386251),
(232, 11, '2016-12-04', 'http://xxxx.xxx/xx.xx', 2294294860879),
(233, 11, '2016-12-13', 'http://xxxx.xxx/xx.xx', 5841133690927),
(234, 11, '2016-12-17', 'http://xxxx.xxx/xx.xx', 1199971107929),
(235, 11, '2016-12-13', 'http://xxxx.xxx/xx.xx', 2242999214159),
(236, 11, '2016-12-01', 'http://xxxx.xxx/xx.xx', 3910608327744),
(237, 11, '2016-12-22', 'http://xxxx.xxx/xx.xx', 6517400816681),
(238, 12, '2016-12-31', 'http://xxxx.xxx/xx.xx', 7364720445473),
(239, 12, '2016-12-31', 'http://xxxx.xxx/xx.xx', 3394864711749),
(240, 12, '2016-12-14', 'http://xxxx.xxx/xx.xx', 10311380295687),
(241, 12, '2016-12-07', 'http://xxxx.xxx/xx.xx', 4089664291903),
(242, 12, '2016-12-18', 'http://xxxx.xxx/xx.xx', 8508349189143),
(243, 12, '2016-12-25', 'http://xxxx.xxx/xx.xx', 9691324682252),
(244, 12, '2016-12-22', 'http://xxxx.xxx/xx.xx', 4204328171582),
(245, 12, '2016-12-21', 'http://xxxx.xxx/xx.xx', 7884133365789),
(246, 12, '2016-12-27', 'http://xxxx.xxx/xx.xx', 4901632020535),
(247, 13, '2016-12-31', 'http://xxxx.xxx/xx.xx', 2898381091913),
(248, 13, '2016-12-31', 'http://xxxx.xxx/xx.xx', 6996248099877),
(249, 13, '2016-12-14', 'http://xxxx.xxx/xx.xx', 10281630218247),
(250, 13, '2016-12-24', 'http://xxxx.xxx/xx.xx', 10149676508168),
(251, 13, '2016-12-04', 'http://xxxx.xxx/xx.xx', 2474029946957),
(252, 13, '2016-12-28', 'http://xxxx.xxx/xx.xx', 6989772533797),
(253, 13, '2016-12-31', 'http://xxxx.xxx/xx.xx', 1906203212882),
(254, 13, '2016-12-19', 'http://xxxx.xxx/xx.xx', 5533189519410),
(255, 13, '2016-12-16', 'http://xxxx.xxx/xx.xx', 10690313702403),
(256, 13, '2016-12-18', 'http://xxxx.xxx/xx.xx', 7908115461148),
(257, 13, '2016-12-18', 'http://xxxx.xxx/xx.xx', 4454197524539),
(258, 13, '2016-12-30', 'http://xxxx.xxx/xx.xx', 4001733350463),
(259, 13, '2016-12-01', 'http://xxxx.xxx/xx.xx', 9736828072972),
(260, 14, '2016-12-10', 'http://xxxx.xxx/xx.xx', 5005076311094),
(261, 14, '2016-12-08', 'http://xxxx.xxx/xx.xx', 1586701122645),
(262, 14, '2016-12-11', 'http://xxxx.xxx/xx.xx', 8788087741460),
(263, 14, '2016-12-05', 'http://xxxx.xxx/xx.xx', 5706890035248),
(264, 14, '2016-12-27', 'http://xxxx.xxx/xx.xx', 1190575093849),
(265, 14, '2016-12-17', 'http://xxxx.xxx/xx.xx', 8185367761946),
(266, 14, '2016-12-12', 'http://xxxx.xxx/xx.xx', 1021507491930),
(267, 14, '2016-12-05', 'http://xxxx.xxx/xx.xx', 2727328921675),
(268, 14, '2016-12-12', 'http://xxxx.xxx/xx.xx', 6586471915560),
(269, 14, '2016-12-23', 'http://xxxx.xxx/xx.xx', 328110034017),
(270, 14, '2016-12-27', 'http://xxxx.xxx/xx.xx', 5293470310452),
(271, 14, '2016-12-24', 'http://xxxx.xxx/xx.xx', 4189860039742),
(272, 14, '2016-12-11', 'http://xxxx.xxx/xx.xx', 67268101219),
(273, 14, '2016-12-03', 'http://xxxx.xxx/xx.xx', 2965375657033),
(274, 14, '2016-12-21', 'http://xxxx.xxx/xx.xx', 5269632732212),
(275, 9, '2017-01-24', 'http://xxxx.xxx/xx.xx', 7011034941476),
(276, 9, '2017-01-12', 'http://xxxx.xxx/xx.xx', 6979392424997),
(277, 9, '2017-01-24', 'http://xxxx.xxx/xx.xx', 3892597713984),
(278, 9, '2017-01-11', 'http://xxxx.xxx/xx.xx', 10587386408964),
(279, 9, '2017-01-12', 'http://xxxx.xxx/xx.xx', 10521796480005),
(280, 9, '2017-01-15', 'http://xxxx.xxx/xx.xx', 7462894791712),
(281, 9, '2017-01-12', 'http://xxxx.xxx/xx.xx', 571246238814),
(282, 9, '2017-01-03', 'http://xxxx.xxx/xx.xx', 844264545372),
(283, 9, '2017-01-19', 'http://xxxx.xxx/xx.xx', 5131365483573),
(284, 9, '2017-01-15', 'http://xxxx.xxx/xx.xx', 1478270530646),
(285, 9, '2017-01-29', 'http://xxxx.xxx/xx.xx', 5135734010933),
(286, 9, '2017-01-27', 'http://xxxx.xxx/xx.xx', 9005301780498),
(287, 9, '2017-01-10', 'http://xxxx.xxx/xx.xx', 2366086932558),
(288, 9, '2017-01-15', 'http://xxxx.xxx/xx.xx', 7650490808351),
(289, 10, '2017-01-22', 'http://xxxx.xxx/xx.xx', 5515217843250),
(290, 10, '2017-01-21', 'http://xxxx.xxx/xx.xx', 3631375441987),
(291, 10, '2017-01-22', 'http://xxxx.xxx/xx.xx', 8252247070745),
(292, 10, '2017-01-22', 'http://xxxx.xxx/xx.xx', 3629832668227),
(293, 10, '2017-01-18', 'http://xxxx.xxx/xx.xx', 6424255093802),
(294, 10, '2017-01-05', 'http://xxxx.xxx/xx.xx', 15998592099),
(295, 10, '2017-01-18', 'http://xxxx.xxx/xx.xx', 5032351979574),
(296, 10, '2017-01-24', 'http://xxxx.xxx/xx.xx', 97259095139),
(297, 10, '2017-01-22', 'http://xxxx.xxx/xx.xx', 2121078840400),
(298, 10, '2017-01-22', 'http://xxxx.xxx/xx.xx', 1589005818965),
(299, 10, '2017-01-09', 'http://xxxx.xxx/xx.xx', 869404216412),
(300, 10, '2017-01-05', 'http://xxxx.xxx/xx.xx', 5289923210292),
(301, 11, '2017-01-05', 'http://xxxx.xxx/xx.xx', 1454562217046),
(302, 11, '2017-01-06', 'http://xxxx.xxx/xx.xx', 7049424870436),
(303, 11, '2017-01-30', 'http://xxxx.xxx/xx.xx', 6691783592999),
(304, 11, '2017-01-03', 'http://xxxx.xxx/xx.xx', 7003203097636),
(305, 11, '2017-01-30', 'http://xxxx.xxx/xx.xx', 2095177129041),
(306, 11, '2017-01-30', 'http://xxxx.xxx/xx.xx', 9586813854733),
(307, 11, '2017-01-15', 'http://xxxx.xxx/xx.xx', 5639026252849),
(308, 12, '2017-01-11', 'http://xxxx.xxx/xx.xx', 2139444085840),
(309, 12, '2017-01-17', 'http://xxxx.xxx/xx.xx', 3229718200390),
(310, 12, '2017-01-12', 'http://xxxx.xxx/xx.xx', 4399385615420),
(311, 12, '2017-01-31', 'http://xxxx.xxx/xx.xx', 3955406899264),
(312, 12, '2017-01-06', 'http://xxxx.xxx/xx.xx', 4832397173816),
(313, 12, '2017-01-14', 'http://xxxx.xxx/xx.xx', 3881244426305),
(314, 12, '2017-01-21', 'http://xxxx.xxx/xx.xx', 4511419074619),
(315, 12, '2017-01-06', 'http://xxxx.xxx/xx.xx', 4337482700860),
(316, 13, '2017-01-12', 'http://xxxx.xxx/xx.xx', 3743432913986),
(317, 13, '2017-01-24', 'http://xxxx.xxx/xx.xx', 2538573445197),
(318, 13, '2017-01-02', 'http://xxxx.xxx/xx.xx', 4989497625655),
(319, 13, '2017-01-22', 'http://xxxx.xxx/xx.xx', 6647601781800),
(320, 13, '2017-01-23', 'http://xxxx.xxx/xx.xx', 10418981401606),
(321, 13, '2017-01-05', 'http://xxxx.xxx/xx.xx', 5458756413490),
(322, 13, '2017-01-06', 'http://xxxx.xxx/xx.xx', 10607492925444),
(323, 13, '2017-01-14', 'http://xxxx.xxx/xx.xx', 2385742981198),
(324, 13, '2017-01-04', 'http://xxxx.xxx/xx.xx', 1058520750170),
(325, 13, '2017-01-26', 'http://xxxx.xxx/xx.xx', 7083360245796),
(326, 13, '2017-01-28', 'http://xxxx.xxx/xx.xx', 4882744442936),
(327, 13, '2017-01-21', 'http://xxxx.xxx/xx.xx', 2336121651278),
(328, 13, '2017-01-14', 'http://xxxx.xxx/xx.xx', 8862755020820),
(329, 13, '2017-01-30', 'http://xxxx.xxx/xx.xx', 7983670860828),
(330, 13, '2017-01-10', 'http://xxxx.xxx/xx.xx', 9753970442252),
(331, 13, '2017-01-24', 'http://xxxx.xxx/xx.xx', 7782610001949),
(332, 13, '2017-01-08', 'http://xxxx.xxx/xx.xx', 195824819298),
(333, 14, '2017-01-06', 'http://xxxx.xxx/xx.xx', 1938222709842),
(334, 14, '2017-01-02', 'http://xxxx.xxx/xx.xx', 7824005038109),
(335, 14, '2017-01-02', 'http://xxxx.xxx/xx.xx', 6098458127405),
(336, 14, '2017-01-24', 'http://xxxx.xxx/xx.xx', 6242268707883);

-- --------------------------------------------------------

--
-- Table structure for table `users`
--

CREATE TABLE IF NOT EXISTS `users` (
  `id` int(11) NOT NULL AUTO_INCREMENT,
  `email` text COLLATE utf8_unicode_ci NOT NULL,
  `first_name` text COLLATE utf8_unicode_ci NOT NULL,
  `last_name` text COLLATE utf8_unicode_ci NOT NULL,
  `company` int(11) NOT NULL,
  PRIMARY KEY (`id`)
) ENGINE=InnoDB  DEFAULT CHARSET=utf8 COLLATE=utf8_unicode_ci AUTO_INCREMENT=15 ;

--
-- Dumping data for table `users`
--

INSERT INTO `users` (`id`, `email`, `first_name`, `last_name`, `company`) VALUES
(9, 'john@doe.com', 'John', 'Doe', 15),
(10, 'jane@doe.com', 'Jane', 'Doe', 15),
(11, 'mary@sue.com', 'Mary', 'Sue', 15),
(12, 'rim@job.com', 'Rim', 'Job', 15),
(13, 'suzy@lee.com', 'Suzy', 'Lee', 16),
(14, 'richard@google.com', 'Richard', 'Googler', 16);

/*!40101 SET CHARACTER_SET_CLIENT=@OLD_CHARACTER_SET_CLIENT */;
/*!40101 SET CHARACTER_SET_RESULTS=@OLD_CHARACTER_SET_RESULTS */;
/*!40101 SET COLLATION_CONNECTION=@OLD_COLLATION_CONNECTION */;
